XPZ,398202
ABA,398200
XTO,398203
AUR,909000
AVY,443500
ABE,381300
AGL,244800
XAE,303002
ACY,380100
XAC,897678
ABD,897600
ABH,444000
AFD,431600
AGV,360200
AYW,430300
ABW,513100
ABX,773300
ACB,228700
AAT,860000
ACH,860200
AUK,945700
ACN,860100
ACK,766200
ACL,728600
ACG,452900
ACR,255200
ACC,140400
AML,300000
XAX,300100
ADD,103600
ADW,931000
ADM,516000
ADC,293900
ASN,555000
ADL,264100
AWK,835300
AUG,221500
AIG,225500
ANS,235000
AIN,212500
AIR,969500
ADR,975900
APN,884500
AYP,513200
ALB,461400
XAK,688113
ALD,276000
ZAE,050300
ZAD,050200
AMT,314500
AHT,562300
AGT,528000
ALE,221400
XAL,221600
AAP,602500
XYX,180501
ALF,180500
ALW,752000
ALO,988300
ASS,860500
ALM,778700
ALR,684700
ASG,122300
AYH,519700
XCX,470214
ALN,686900
ABC,860600
AON,554400
ALP,653200
ALT,280600
ATW,126900
ALV,119800
ARP,094200
ALX,986100
AXP,990500
XAJ,167801
AMB,167800
AMR,050600
AMI,081800
AMW,247000
AMY,525000
AMF,423600
XIM,132350
AMD,394000
AMS,081500
ANC,635800
ADV,551000
AND,996500
ANZ,539700
AGR,690900
ANG,526700
ANN,945100
AFV,266200
ANL,997200
APP,205200
APD,500300
APY,856200
APB,239600
APF,310900
APS,143000
ARB,907900
ART,996300
ARD,861300
AUI,996200
XAT,945574
ADS,945300
ASB,956900
ADN,945500
ADK,296000
XRK,296002
AGS,996100
ARG,882100
ARW,048000
ARL,617100
ARA,906700
ARM,099000
AWT,205400
ARN,196300
ARR,804500
ARU,525100
XXA,526067
ARZ,094800
ACT,566600
AUW,300300
AFS,566700
ASF,995300
ABY,294100
ASC,470000
AHD,534700
XIE,546602
XIW,546601
ASI,546600
AFK,500400
ASH,564100
ASY,285000
AHN,279000
ABF,777100
AHS,539800
AHV,554700
AWM,608300
ASK,195300
ALK,623300
APG,138000
ASP,209500
AST,100400
ATT,860800
ATN,258400
ATH,107400
ATB,162400
ATL,736700
AUD,701700
XAF,333308
AVM,861000
AVI,873600
AVF,326500
AVN,320000
AXM,571400
AYL,516200
AYS,149200
AVP,109000
XAN,450100
AYR,946300
XAR,946364
BAC,218700
BNA,294500
BAG,568100
BLD,855200
BKZ,202100
BAB,549200
BDK,608400
BAL,539900
BIO,976300
BHC,986200
BSI,901300
BAM,282000
BNV,883900
BNG,247100
BAD,534800
BSS,946600
BAR,269000
BGD,401100
ZKB,051400
BKG,749200
BPL,986300
BRT,127900
BMG,513300
BNS,555100
BIF,195400
XBF,195477
BWS,190300
BRY,380500
BYD,380600
BYI,380700
BAV,621200
BSO,749400
BBL,509000
XDO,327101
BTH,327100
BTL,848400
BAK,542000
BAT,521500
BAY,600600
BCG,390700
XUK,503380
XBU,262301
BEC,507600
BKJ,504600
BAW,562500
BCK,242200
BCH,516300
BCF,304700
XEZ,310416
BCS,304800
BIT,310400
XJV,310405
BWO,156000
BDH,553800
BDC,904600
BMT,324500
BID,213600
BER,242000
BSL,882200
BEL,887700
BEB,218800
BCC,725800
ZBZ,051800
XDW,151201
BDM,151200
BEH,116500
BDW,307000
BKS,519800
BLM,535000
BGM,506200
BLP,167900
BVD,509200
BEM,804700
BEF,743900
XJB,973311
BNO,917000
BAS,354900
BFE,355000
BKM,139000
BEP,654300
BBW,843100
BRK,532300
BES,235100
BSJ,151000
BEE,162500
BYC,244900
BBR,874700
BEV,804800
BEW,457200
BEX,521100
BXY,509300
BAJ,418600
BEA,988900
BTG,109600
XFG,121504
BHI,121500
JEQ,109700
BMO,451500
XNE,121503
BHM,112700
BSW,100600
BHK,691300
BKL,506300
XLY,506360
BIW,617000
BBK,461800
BIC,687100
BIG,546400
BIN,623500
BWD,230400
BIK,540100
BPT,962000
BTS,910700
BTE,594500
BDL,235200
BHS,842900
BUK,418200
BCU,588600
BKW,104500
BFF,245000
BAI,976000
BKD,457400
BLT,971600
BLA,875000
BLO,750300
BHO,740000
XNS,273901
BPB,273800
BPN,273900
BPS,274000
BSB,620400
BCW,027800
XBX,046100
BFR,511200
XCB,511260
XBB,909700
BFC,908400
BFQ,264600
BFA,379300
BLG,989500
BEU,589000
BBN,273700
BKH,509500
BKR,099100
BKT,117600
BLV,278500
BLN,212300
BIL,791000
BLZ,380800
BWN,101800
BLX,114100
BLK,273200
BLH,971400
XBL,136002
BLY,136000
XBQ,136062
XYB,136011
BTD,853600
BEG,522700
BYB,128200
BMB,256100
BML,294400
BMY,550000
BAN,450200
BND,720000
XGD,611925
BIY,855300
BNM,317600
BNL,997300
BAH,223800
BEY,856400
BNI,558000
BUD,197500
BNY,677400
BTB,640600
BTY,562400
BFD,555200
BEN,267600
BRW,362300
BGR,903100
BUM,014200
BDF,033600
BOD,350100
BOR,243500
XBN,525313
BOG,525300
BGS,966800
BOU,080500
BON,259900
BMH,587600
XBM,587672
BHA,615600
XOE,140224
BNJ,014400
BKA,562600
BRO,882300
BOC,199300
BNW,219500
BOT,223900
XOP,521260
BDZ,254000
BOX,874200
XIB,087303
BNE,301800
BRH,430400
BRG,513000
BOH,525400
BSN,621600
BTF,623700
BOE,589400
BRV,111200
BWB,138100
BOP,602700
XOW,696914
BKV,294300
BWG,996800
BXW,540300
BXX,435000
BCE,569300
BDQ,834600
BDI,834500
BTP,205300
BTR,680100
BRP,725900
BSM,587500
BZY,048100
ZBB,050100
BDB,289200
BSY,143700
BSP,143800
XLJ,505261
BOA,334100
BWT,344900
BDN,553000
BDT,804900
BLL,756300
BBS,451300
XIR,451301
BDY,277900
BRC,925100
BYF,902300
BMF,805000
BGI,976400
BGN,380900
BGG,646400
LRR,094400
XDV,526801
LRB,528100
XMP,526813
BTN,526800
XBP,526811
BRR,967400
BAA,525200
BGH,851400
BDG,978900
BRF,255400
BMD,681000
BNF,418700
BHD,401200
BRX,508100
BOK,280700
BPK,607400
CNP,362400
BKC,221700
BKN,214500
BKP,222000
BKI,024000
XDB,214564
BKO,568700
BRS,558100
BUY,850000
BOM,219000
BMR,219100
BMC,269700
BLE,849600
ZEO,078700
BRM,444500
BMP,756500
BMV,471500
BMK,023800
BCN,993800
BNT,260300
BNH,508900
BUU,687300
ZBQ,051600
BNP,572500
BYA,733000
BGE,224000
BCY,540400
ZBW,053000
BMN,509600
BMS,506400
BME,417500
BRA,861800
BUH,805100
XBA,950366
BXB,681200
BRL,946700
BYL,902000
BCB,227900
BCJ,228000
BUI,976700
BSR,500600
XPB,323189
XHL,322060
BRI,323100
XAB,321669
BPW,323000
XDU,323106
BAU,620700
BUJ,620000
BRE,687200
BCV,695800
BDA,728900
BGA,700600
BSU,880700
BRU,570200
BXS,081400
XAA,779105
BWK,779100
BNR,774000
BYN,222200
BYS,204500
BIA,783500
XBJ,116700
BSC,100300
XBY,100361
BRN,996600
BBG,994000
BIS,680000
XDF,552015
XBS,552077
XBT,552018
BSK,552000
XBZ,552020
XLU,344601
BIB,344600
BIP,540200
BIR,778400
BOB,294200
BSD,509100
BSE,700800
BTO,547200
BHG,931100
BET,696100
BUL,117900
BLB,687000
BYK,835200
XUN,165814
BTT,790900
BFL,034800
BUC,729000
XEY,137801
BUA,033700
BGL,350200
BHR,431700
BLW,186500
BUE,708500
BUG,548300
BUW,856500
BUB,274300
BNC,255000
BYM,254900
BUO,592700
BUT,165800
BUR,262300
BUS,979100
BSH,139500
BUZ,202000
BUX,294600
BXH,509400
BXD,532400
BFN,568900
BYE,412400
XSG,694111
CAD,381100
CGW,253600
XKC,383101
CSQ,383100
FRH,080100
CAL,080600
XAH,358010
XAI,326703
CSK,356200
CBG,702200
CMB,800100
XCA,702262
CMO,987800
CBH,696200
XEC,702201
CNL,112900
CNA,905000
CST,514200
XCC,381614
XPC,381613
XHH,046400
XLQ,046500
XLR,046600
CPB,431000
CBB,354200
CDB,381500
CDQ,390000
CRF,987700
CKU,048200
CAK,196400
CAR,211800
XKY,211920
XUM,211860
CML,976900
CAG,862100
CWS,441200
CFD,835900
CAT,535100
CFB,504700
CTF,507700
CYS,382000
CTL,823200
CAU,356800
CBP,309800
CWB,245100
COH,532500
CSD,555700
CBN,350400
CAB,350500
CBK,985000
CLC,570300
CCT,979500
CDT,368000
CDD,911200
CDO,962400
XDD,168111
CDR,996900
CYB,242500
CER,874600
CFF,977800
CFL,855400
CFT,507800
CFH,744700
CMC,873700
CPN,582000
CRT,500800
CSR,294700
CTM,519900
XXD,519911
CBY,300400
CCH,525500
CHU,287000
CED,137200
CTH,687400
CHE,535200
CEF,276200
CEL,276400
CPW,377400
CHN,681400
CNO,584000
CHD,661500
CHF,823300
CHT,779200
CHI,691400
XDM,326701
XDN,326702
CPM,326700
CRK,444900
CHK,558300
CFO,053900
CHW,746900
CHM,683600
CLD,509800
CNM,473100
CRC,097600
CHL,529600
CLY,282300
CPG,159700
XCQ,305505
CHO,303100
BSV,750100
CRL,274500
CTW,255600
CLN,666400
CWC,705100
CHR,587900
CHC,991100
CHH,531900
XEV,504300
CLW,054600
CHX,514300
CYH,702800
CHP,535300
CIT,509900
CRD,113000
CSN,558200
CSS,555400
CTR,241200
XCH,241262
XCZ,241260
CSW,520000
CTE,970700
XCE,297002
CYT,257300
CHY,555300
CIM,378500
CIC,868500
CKH,962700
XCK,962770
XLC,685063
CLT,685000
CLA,555500
CPT,692600
CLR,406900
CLV,459300
XLG,686161
HYH,685100
CET,685300
COL,686100
XLP,685213
CIR,143900
CAC,099200
CEA,971800
CFN,320200
XLF,516511
CLM,634900
CLH,257400
CIL,500900
XCJ,917767
CLK,504800
CLX,048300
CLP,530100
XCP,559513
CLJ,559500
XYM,559512
CPY,265300
CKS,979200
CLS,773600
CLE,627400
CLI,279500
CHV,872900
CWL,487600
CYK,985500
CLG,555600
CUW,407000
CMH,398100
CAM,568200
CUB,972100
CBL,976800
XCM,136711
CMD,144000
CMR,729500
CMN,406800
XCI,406865
CBT,775300
CAO,101600
ZCW,165900
CNN,144100
XIC,144101
XJC,144160
CRP,678600
CAN,902800
CBE,516400
CBW,500700
CNY,729200
CAY,989700
CBC,974700
CBS,975200
COA,976200
COB,545800
CSL,461600
CGN,382800
CBR,533600
CEH,988200
CLO,905100
CNE,256200
CYA,905200
CDS,540800
CDN,538200
XCO,108401
CME,300500
COM,751500
CNS,648800
CNG,122700
CON,870800
CBD,639300
CEY,847000
CNW,248600
COO,301900
COE,357000
COP,582100
XMI,692612
COR,184700
COK,048400
COF,039700
CPA,882400
CRR,882500
XAO,326801
COY,390500
CSY,114300
COS,461700
CSA,589600
COT,850500
CAA,741600
COV,103000
COC,778500
CWN,540900
ECW,033800
XCW,554261
WTW,037100
CPS,818000
CPU,218600
CRA,463900
CRV,363400
CRW,548400
XYC,548500
CRB,750400
CKL,204900
XCF,389902
CCB,159800
CDF,389900
CDI,575400
CES,683700
XXM,123902
XXC,123903
CRE,124300
XCR,124394
XCT,124324
CRY,510000
XRF,858468
CGD,997000
XCN,932463
CRU,906200
CWH,600700
CCC,431200
CRI,151900
CKN,583200
CLU,970200
CTN,514400
CRM,757900
CNF,264000
XOA,264009
XCS,264002
CHG,509700
XXB,509701
CNR,882600
XNF,449001
CKT,962800
CMF,182200
COI,981400
CSO,231300
CRH,740600
CWE,652400
CRO,994300
CPH,381200
CPK,144200
CSB,540600
CSH,540500
CKY,990200
CMY,979600
CSG,222500
CRS,970400
CTO,620100
CDY,968000
CRJ,287600
CWU,523300
CWD,187400
CRN,562800
ZCO,055400
CYP,535600
CTB,904800
IMW,958600
CFR,583600
CRG,847300
XXG,511416
CAS,291900
CTT,436500
CTK,512100
CLL,545700
CSM,791400
CGM,805600
CUD,230500
CUF,600800
CUM,310700
XDX,347401
CUA,862500
CUL,905300
CUP,912100
CUH,921800
COW,918500
CWM,373800
CUX,520100
CYN,414700
XXH,154111
DSY,277700
DAG,913500
DMR,999200
DLY,948300
DLJ,144300
DLK,142900
DLS,207700
DLT,195700
DLW,862800
DNY,791500
DCT,379700
DZY,451900
DAN,672900
DSM,721100
XDT,510112
DFD,510100
XRT,510160
DWN,257600
DAT,566800
DVN,277000
DWL,340800
DWW,340900
KVD,165500
DAX,874300
DEA,501100
DEN,594200
DGY,248000
DHN,844100
DLM,230600
DNM,305200
DGC,306000
DMK,542100
DNT,210300
DPD,541200
DEP,514500
DBR,721200
DKR,265200
XAQ,333344
DVB,432600
DPT,357900
DGL,386100
ZDE,055500
DDK,744000
DID,303000
DIE,080700
DIG,575300
DMH,550200
DNS,383000
DMG,390100
DIN,863200
DND,789700
DSL,276500
DIS,734800
DAL,871100
DAK,979000
DAM,941500
DLR,986400
DAR,787700
CAZ,185500
XGO,185501
CGT,887900
RMK,179400
TVA,983600
DWD,245200
DBC,986600
DBE,986800
KWR,035100
DBD,843200
DFE,918600
DFL,918700
DHS,014900
DNL,949200
DRD,298200
DNO,864200
DOT,774400
XDY,345701
DTG,289300
DTN,285500
DBB,277500
DOC,358800
DOD,678100
DOL,418800
DLH,503600
DLG,253800
XTP,502715
XLM,502703
DON,641700
BNX,885400
DFZ,885300
GOZ,885200
DOZ,885100
RHA,983900
XWV,641326
DOR,669000
DDG,452500
DKG,535700
DMS,541300
DTM,014300
DGS,909100
DVP,503300
DVC,690100
DVY,443600
DOW,705500
ZDB,089700
DRG,309900
DBY,182300
XEP,168862
DCH,596100
DCW,596200
DRM,931700
DHM,774500
DRF,805700
DRI,199400
DKT,529700
DMC,999400
DFR,996700
DRU,975700
DUR,528200
DRO,661600
XAP,342769
DRT,842000
DTW,487800
DMY,999300
DYP,600000
DNG,510200
DPS,340000
DCL,908900
DFP,035000
DHT,048500
DUD,104000
DDP,121200
DFI,169100
DUT,890400
DRN,868100
DUI,080300
DST,990600
DUL,702700
DLE,764600
DUM,962200
DMF,949000
DMP,503400
DBL,871300
DUN,939700
DCG,868200
XDE,904060
DEE,903900
DUE,904000
DKD,876300
DLO,086900
DDB,089900
DUO,904100
DUU,933600
XAD,153607
CDU,323800
DUS,014000
DVH,276600
DEW,832600
DYC,890500
DYF,445500
DRY,099800
EAL,319000
ELD,541400
EBK,379500
ZEH,056600
EBL,774600
XEB,544815
EBN,544800
EBD,556600
XXI,154402
EBF,154400
XXJ,154401
EBV,991500
EBB,362800
ECC,295000
ECS,737000
ECL,222700
ECR,535500
EDL,282400
EDG,216900
XEG,216985
XDG,216912
ZED,056800
EDY,294900
EDA,631700
EDB,932800
EBS,933700
EGY,654500
EDP,939500
EDR,694100
EBR,547300
EBT,535900
EDN,505600
EDW,535800
EFL,523400
XED,994660
EFF,564200
XFF,564213
XEJ,564211
EGG,582200
EGH,566900
EAG,791600
EGF,847200
EGR,548600
EGT,791800
XEM,744260
EIG,905500
EKL,979300
ZET,056200
ESL,589900
XEW,589901
XFB,589800
XEX,589909
XEH,589970
ELG,897700
ELN,851500
ELE,504900
ESW,734900
ESD,513500
EPH,524600
ELR,666700
ESM,683200
ELP,212100
EAS,933500
ELW,510300
ELO,623800
ELS,154200
EWD,452000
ELY,706800
XYE,706814
EML,513400
ZEK,054200
EMA,654800
EMD,190100
EMP,747300
EMS,525700
ENC,601000
ENL,681500
ENF,695900
ENS,048600
ENT,274700
ZEL,057000
EPD,536100
EPS,536000
XFK,536018
ZPU,558500
ERD,104100
ECP,037500
ERB,781600
ERI,545900
ERH,510400
EAD,558400
ERL,229200
EAR,569400
ESH,555800
EST,989400
XES,850311
EKB,377600
EXR,600400
ESS,014100
MTC,506900
ERA,212800
EGN,811400
ETC,521700
ETL,747100
EUS,144400
XEN,144463
XEU,144405
EBA,208000
XOU,271001
EVE,474000
EWE,541500
EWW,558600
EWR,528300
XXT,341057
EXC,575500
XXF,341056
XFL,341012
EXD,341000
EXT,341400
EXG,991400
EXM,575600
EXN,576000
EYM,158800
EYN,506500
FRL,945200
FCN,513700
FKG,993000
FKK,993100
FAL,350800
FMT,359100
FLS,295100
NFA,687500
FMR,533700
FRM,590000
XFN,554565
FNH,554500
XFM,554562
FLD,924500
FAV,516700
XWK,511410
XJN,511418
FGT,549300
FAZ,212600
FRN,863700
FEG,868300
FEL,555900
FST,749000
FNT,580800
XFC,455200
FED,032400
FER,386200
FRY,806100
FFA,406600
FGH,407600
FGW,668000
XFH,407612
FIL,806200
FIT,323500
FGY,642300
FIN,301200
FSK,635100
FZW,858300
FWY,450300
FLE,552200
FLM,202600
FLN,251300
FLT,153200
FLI,293500
XFA,946500
XFE,501519
FKC,503500
FKE,501500
FKH,501400
FKW,502700
FOC,872600
FLF,278600
FLX,721400
FNY,144500
ZFR,057900
FPK,611900
FOB,873000
FOD,525800
FOH,536200
FBY,235400
FOR,863800
FRS,863900
FOK,104200
XAS,351001
FOX,204600
XJF,303056
FXN,702900
FRT,521800
XFR,550961
FTN,550900
FRB,441600
FNB,552100
FNN,568800
FRD,228400
FFD,334400
FRF,278000
FML,568300
FRI,685400
XFD,601113
FNC,564300
ZFD,057700
FRA,014600
FNR,510500
FNW,281100
FRO,570700
XAU,570701
FRE,235500
FOG,687600
FTM,967500
FTW,882700
FRW,387300
FZH,855600
FSB,526100
FSG,528400
FEN,137700
FEA,854400
FLW,558700
FNV,295200
FZP,314400
FYS,407400
GAL,932900
SGB,111400
XGJ,111402
GWY,048700
GRF,847400
GAR,990400
GSD,210400
GTH,414800
GVE,864000
GSW,233500
GST,239700
GTY,295300
GBL,642400
GBK,232500
GNB,646500
GOD,562900
GER,305100
GNF,290000
GFD,313600
GIG,265500
GUI,295500
GDP,687700
GFN,979400
GIP,536300
GIR,950100
GLS,792100
GLR,430800
GLH,836000
GLZ,230100
GBD,811700
GOE,828400
GFF,402200
GGT,968500
GLC,981300
GCL,992200
HST,990900
GLG,950300
GLQ,995000
GQL,991200
GIL,579600
GCW,245400
GLE,871500
GLF,882800
XGI,516966
GLM,516900
GLT,930100
GCR,476000
GLO,289500
XEA,323156
GLY,533800
GNH,513800
GNL,221800
XBK,221801
GUN,558800
GTN,383900
GNW,514600
GOB,445700
GDE,295400
GDL,294800
GMY,687800
GDN,547400
GOF,909600
GOL,864300
GOM,529800
XFO,342759
GOO,802500
GTR,122000
GOR,303300
GGL,990800
GDH,602800
GBG,639100
GBS,527200
GTO,296200
GPO,140900
GRK,963500
GOS,196500
GWN,413100
GOX,620600
GRT,551400
GVH,113200
GRY,744300
GNR,199600
GKC,968100
GKW,968200
GEA,961000
XGS,961060
GGJ,864100
GGV,265400
GCH,997100
GMD,627600
GMB,628000
GRN,282500
GRL,972500
GGM,987300
XGM,987262
GRO,532600
GMT,815500
GPK,602900
GSN,155900
GRM,222800
GRH,972300
GMG,396100
XGP,513911
GRP,513900
GRV,517200
GRS,997900
GTA,792200
GRB,685500
GRC,703200
GCT,627500
XGZ,815515
GRA,646900
GMV,489200
GMN,146300
MCE,772500
GTW,541600
XGT,541614
XFQ,563113
GLD,563100
GSY,856700
GSL,356300
GNT,729900
GWE,430000
GYP,793000
HAB,628100
HKC,697700
HKW,697800
HDF,289600
HAD,730000
HDW,607500
HDM,305300
HGF,258500
HGG,102200
HAG,457700
HGT,821300
HAC,686700
HAL,284500
HAI,517300
HLR,222900
XHR,222960
HAS,726600
HED,229500
ZHA,059300
HMM,824100
HNC,972600
HNW,972700
HMP,556000
HSD,114500
BKQ,221900
HMW,558900
HND,300700
XHN,136403
HAN,319100
HPN,255700
HDN,152100
HMY,981000
HOH,059800
HTF,223000
HWC,690500
HSL,563300
HSK,548900
HGS,521900
HAT,607000
HSG,282600
HTY,260400
HTN,459400
HAV,553200
HVN,626000
HVF,407900
HWD,242800
HWB,214600
HMK,025200
HWK,933100
XHV,846815
HAY,318600
HYL,351300
HYM,941900
XHA,941963
HYS,505000
HAZ,276800
HBD,852400
HBN,514100
HIB,523500
HBB,622100
HBY,457900
HCH,122100
HEC,622000
HMC,556100
HNF,114800
HEN,152200
HUD,843700
HCN,522000
HLI,628300
HHL,384500
HLL,390800
HDE,589300
HDY,849800
HDL,143400
HLD,265600
HMS,864700
HSB,214900
HML,139100
HNG,402800
HNL,452400
HEL,812900
XHK,488100
HFD,360700
HNH,506600
HER,559000
HFE,681800
HES,806700
HSW,213800
HBF,788400
HEV,541700
HEZ,914000
HEW,776600
HEX,750600
HYD,319400
HHB,269100
HFN,608500
XHQ,608511
XHP,608507
HAP,684500
HIG,331400
HHY,600900
HIP,691900
HEI,788700
HII,686600
XHZ,686603
HGM,520200
HIL,223100
HLS,553900
HNK,187000
HIN,239800
HNA,588000
XHW,400807
XHY,608660
HIT,608600
HTO,235600
HID,257200
HCB,536400
HDG,286000
HLB,523600
HLF,998300
HFX,841100
HLG,452100
HLM,530800
HLE,967600
HLW,963000
HLC,998100
HLU,998200
XAM,353003
XAV,353002
HWH,756800
ZHR,060900
HHD,243700
XHM,842312
HME,594700
HMD,545000
HUP,293700
HDH,141300
HIA,103300
HMT,503700
HAM,594000
HYW,559100
HEF,874400
HTH,276700
THW,452300
HRR,202700
HOT,314600
HUS,711400
HNT,892100
HUN,610800
HOC,688000
HVH,080800
HOD,290100
XHO,613100
XEE,341045
HOL,594100
HLY,973800
HMN,697900
HON,571700
HOY,843600
HPA,541800
HYB,479400
XHJ,521019
HOK,552300
HOO,219300
HPE,243200
HOP,282800
HPT,418900
XHB,842311
HOR,536500
HGI,818100
HRH,530900
HWI,872000
HSC,239900
HGN,230300
HOU,556300
HOV,527300
HOW,807100
HOZ,173400
HWW,156300
HOX,102300
HYK,219400
HGY,601200
HRY,740100
XHU,601264
HRL,445800
HRO,687900
HLN,153300
HRD,737400
HWM,680400
HWN,682700
HBP,821200
HNB,517400
HRN,601500
XHS,601514
XHE,601512
HRW,139700
HPD,154300
HSY,556200
HRM,514000
HUR,546300
HPL,800900
HTW,924600
HRS,849900
XLB,849905
HTE,139800
HTC,286100
XHF,501661
HFS,652800
HGR,510700
XHG,506000
XHX,510702
XHI,510764
HUT,809900
HIR,210500
XHT,760162
HPK,295600
XBE,295601
HWX,323400
HXX,709000
HTR,986900
HWF,318200
HWO,318100
HWA,317900
HWE,318000
HAF,709100
HWV,984600
ZHJ,078200
HKN,186200
HUL,812600
HUU,034000
XBG,812661
HCT,255800
HGD,307200
HUB,809800
HNX,223500
HSE,394100
HUY,216000
HKH,963400
HWY,305400
HDB,756900
HYC,282900
HYT,295900
HYR,528900
HKM,631000
XHD,984571
HYN,984500
HHE,549000
IBM,961800
IFI,549500
XIF,688160
ZNP,065000
ZRE,068400
IFD,688100
ILN,778300
ILK,856800
INC,223600
INE,212200
INT,688200
INS,892200
INP,964600
ING,877800
INH,861400
INR,892400
XIP,721775
IPS,721700
XIQ,721738
XSO,721714
IRL,281700
IRV,950800
ISL,559200
ISP,311000
IVR,317000
IGD,864800
INK,913600
INV,864900
XIV,864924
IVY,355500
JCH,950700
LVJ,224400
JOH,408100
JHN,964800
JOR,999500
XJR,152401
KDY,914500
KID,458100
KSL,260500
KEI,846800
KEH,892500
KEL,683800
KEM,332500
KMS,507900
KEN,197600
XKS,309690
KNS,981600
KNW,798500
KNE,701100
KPA,309200
KNR,144800
KNL,144700
XKG,145735
KTH,508000
COX,203300
KWK,205500
KET,185700
KWB,559300
KWG,559400
KEY,357100
XKM,548361
KYN,323700
KGH,914200
KGP,981700
KNG,556500
KIN,865500
KND,536600
KDB,510800
KDG,122900
KWL,413200
KLL,048800
ZKP,062300
KIL,865200
KGT,408300
KMK,951200
KWN,951700
KBC,865300
KGM,300800
KGS,450800
KBX,686200
KKM,266800
KIR,212400
KKS,652700
KBN,141500
KCG,904300
KLD,751600
KGL,139200
KLM,951600
KPT,996000
KLS,654900
KLN,711500
XKL,711506
KMH,138400
KMP,567800
KML,520500
KCK,510900
KBW,608800
XAW,355805
XKI,105502
KGE,921700
KGX,612100
XKB,612020
KNI,420600
KLY,541900
KEB,788500
KNN,110900
KNA,821400
ZHS,060500
KIT,307300
KNO,854600
KTN,155300
KTW,144900
KNU,422800
KNF,284800
KGN,582300
KBZ,014500
KBF,195900
KRK,951800
KKD,224500
XKK,224561
KKH,977100
KKN,923000
KLF,654400
KWD,976600
KKB,186700
KTL,646600
KSN,503800
KSW,205700
KBK,196600
KNT,139900
KIV,640100
KVP,656500
KYK,906900
KYL,865700
XDL,421163
LDY,914900
LAI,744500
LRG,865800
LKE,550400
LAK,720100
GSC,995600
LAM,408400
LNK,971000
LLB,430900
LAN,268500
LLJ,248500
LLF,248800
LNY,317100
LAP,582400
LPW,459500
XLZ,357762
LBT,987600
LAR,952100
LRH,972800
XAZ,358012
LWH,322500
LAY,266900
LZB,205900
LBR,435600
LGJ,508200
LHE,884600
LCL,882900
LCB,907500
LIC,117700
LCS,883000
LCG,915600
LCC,866000
LCH,907400
XOI,129107
LIF,129200
LTV,129100
LHW,965500
LOC,961400
LED,478400
LID,157900
LDR,908700
LAD,505700
LEB,692700
LEA,153400
LEH,113300
LHM,792500
LSW,223700
XOD,137301
LDS,848700
XLD,848761
LEE,511000
LEG,233900
LFL,094300
LIH,529400
LEL,353900
LTS,349800
LEN,511100
XXK,511102
LNZ,995500
LEO,362000
LEI,194700
LHD,536800
LEU,918800
LWS,532900
LEW,505100
LEY,271000
LEM,740200
LPG,246700
LGB,965200
LGF,511400
LHL,933200
LHO,273500
LGM,176100
LGG,460700
LAG,187100
LGD,730500
LES,744600
XHC,555955
LVN,549800
LIU,080200
LIL,080000
LJN,035200
LRK,048900
LHS,749100
LCN,634000
LNF,394200
LFD,536900
LIP,563400
LSK,357300
LSM,905800
LIS,563500
LTL,266100
LST,696500
LCK,844300
LLN,384400
LNB,401800
LLT,422600
LLL,424800
XLW,422769
LLO,422700
LLV,405900
LLI,424700
LLG,406000
LLM,416200
LLH,413800
LGO,420700
LLR,992500
XTL,991601
LTH,991600
LLS,384700
LLE,413300
LAS,422300
LWM,969900
LTI,384900
LNR,406100
LNW,416300
LLY,385200
LMS,459700
LYP,589200
LYT,588700
LLA,432700
LAC,527500
LLC,433400
LBG,514800
XLX,110312
LDN,446000
LAW,101700
LBK,106700
LNG,567400
LGE,182900
LND,935400
LPT,130500
XLI,286309
XML,286361
LIN,943800
LWR,245700
LGS,981800
LGN,130600
LHA,871200
LBO,189700
XLO,189767
LOB,111000
LOE,993400
ZBS,051100
LOF,696600
LGK,797800
LOO,357400
XLK,259905
LOT,259800
XBI,526812
LOW,620200
LMR,841600
XRL,756512
LWT,726800
LPR,265700
LRD,563200
LAU,893100
LTG,230700
LOH,268900
XLS,268901
LOS,351700
LSY,505300
LET,608900
XLL,608919
XLE,608917
LVT,385300
LIT,526000
LTK,306600
LTP,707200
LTT,215600
LBZ,137300
LUD,363500
LLD,248400
LUA,157000
LTN,364500
LUB,083600
LUT,153600
LUX,351800
LVM,286200
LSN,937100
LVG,937200
LJL,099700
LVC,224200
XLV,224201
LVS,214800
LIV,224600
LVL,227000
LPY,970900
LGW,205800
LYD,482600
LYE,464000
LYC,576200
LYM,576100
ANF,590600
XBD,333356
LLW,442100
LTM,267000
LER,740300
MAC,287100
XMD,461902
MDY,029600
MEW,396200
MST,396300
MAG,215500
MAL,559900
MAW,049000
MLT,816400
MNE,716500
MNG,685600
MRM,914800
MAS,760300
MNP,688300
ZMH,063900
XMJ,190404
MRN,522300
MAR,501800
MLW,302100
MCK,156400
MPL,283000
MTO,794700
MYB,147500
MTA,385900
MTB,158200
MAT,158100
MAX,980200
MAY,952900
MZH,514900
MBK,590900
MIC,590800
XMC,442210
MCN,442200
MIK,847700
MBR,792900
MAI,314700
MDN,585300
ZMV,063700
MDL,297100
MHS,666300
MEL,703600
XBO,334601
MKM,334600
MLS,933300
MEO,225400
MES,722100
MEN,357600
OTL,917200
MNN,857400
MEC,235700
MEP,511600
MHM,547500
BEO,028100
MEV,385700
MER,385500
MZM,873100
XEF,353402
MEX,670700
MFA,447000
MFT,172700
MSW,172800
MAO,569200
MDG,315900
XBR,327102
MLP,288000
MIN,965800
MLR,292200
XBW,346301
XBV,346304
MHD,346300
MFF,446900
MIM,481400
XMF,501963
MSR,501900
MNZ,014700
MIR,851800
MIS,690600
MIJ,542700
MNC,916000
MKC,137800
MKR,631800
MLG,883100
MLB,153700
MLD,215800
MAU,286700
MFH,409500
MLF,564400
MLN,998500
MIL,152700
MLH,275000
MIF,868700
MLM,199700
MCB,531200
MIH,292000
MMO,185100
MVL,488400
XMN,488500
MTM,504000
ANH,997600
BRD,994800
COZ,998600
DGT,296300
DNN,287700
ECM,975800
EXQ,998000
HBC,994900
MIA,296100
LDW,984800
LWY,993700
MCO,296600
MAN,296800
PMO,998400
SAQ,997700
MUF,299600
XVS,297005
MCV,297000
WMT,993500
MRS,306700
MRB,409400
MNR,225300
XMX,521512
XMO,521511
XMG,357772
MTV,977900
MOB,284900
MRD,582500
MON,906000
MTP,320300
MTS,908000
ZMP,064600
MRR,883300
MCM,269500
MDS,529100
MTN,595700
MRF,222600
XMR,222601
ZMG,064500
MRP,853900
XMS,972900
MSL,290300
DBG,594400
XMW,969147
MTH,969100
XMH,969170
MTG,511800
MRT,215100
MOT,564500
MRY,198800
MCH,716600
MOG,600500
MKT,686300
MHR,190900
XBH,333361
MLY,850400
MPT,768000
MEY,970500
MSD,279900
MSK,792800
MSC,696000
MSN,844500
MGN,103400
XEK,341069
MTL,560000
MYH,995700
MYL,697000
MBT,777900
MUB,930400
MSS,260600
MSH,217100
MOS,267500
MPK,963200
MSO,297300
MDB,523700
MDE,511500
MDW,522200
MFL,981900
MGM,629700
MOR,550100
XMB,145733
XMK,514267
MUK,906100
MUI,960800
MOO,866500
MYT,852600
NTA,342600
ZNA,065300
NFN,810700
NLS,338900
NRN,866600
NAN,124700
NBR,188100
XXL,511415
NVR,294000
NBA,601800
NBC,505800
NBW,935800
NBE,991900
NBN,215200
NEW,880800
NDL,542900
XNJ,147663
NTH,421600
NMT,735400
NEI,977300
NES,213900
NRT,204700
NTL,591100
XNL,847666
HCR,984100
LBS,985200
NNG,649900
SLZ,885000
SWC,984000
WIU,990100
NRC,307100
NBY,307400
NCE,628900
NVH,533000
NVM,533500
NVN,533100
NLN,235800
NEM,556700
NGT,517500
NWE,703900
NQY,352300
NSG,601900
NXG,534500
NHY,292300
NHL,620900
FNI,873800
NNP,389500
NIT,960900
XKE,515064
NLR,245500
NTR,799600
NEL,256500
NUM,697100
NWM,588100
XND,106918
NMP,106900
NUN,107700
NYN,431500
NRB,542800
NOR,852800
NWD,537600
XNP,512704
NPD,850600
NQU,918900
NAR,409800
NBT,556800
NNE,873900
NRW,730900
XNY,730921
XNC,730925
NSB,546000
NFD,111100
NFL,512000
NSH,560100
NTC,582800
NCM,563600
XFS,591762
NLT,147800
NET,624100
NWI,232600
NTB,135600
NBS,985800
NOT,182600
NPP,303500
NRD,789500
NHD,506800
NNT,794600
NUT,526200
XET,547650
NUF,547600
NWA,730800
NCK,953300
NCO,958900
NWX,515000
REG,914600
NCL,772800
NCZ,914400
NEH,511900
NWB,142200
NHE,523800
NMC,297400
NMN,276900
NMK,703800
NPT,034500
NWP,367400
NCT,649800
XNK,649915
NSD,186300
NAY,783400
NEG,692900
NWN,278900
NTN,977400
NWR,866800
XNN,297570
NLW,225700
NOA,957100
NWT,442600
OKM,190400
OKN,468900
OBN,872500
OCK,745100
OLY,531000
XCG,578610
OKE,578600
OKL,602000
OLF,321900
OLM,290700
OLW,290800
XOK,309673
XOO,309686
XOL,309659
ORN,225800
OLD,600300
OTR,296400
OHL,464100
OLT,453300
OOS,081100
OVE,215700
ORE,502100
OPK,224700
OMS,228100
ORP,512200
ORR,225900
XOM,612914
OTF,507100
XOT,507161
OSM,034600
OUN,727300
OUS,727400
OUT,830900
OVR,552600
OXN,209000
OXF,311500
XOX,311567
OXP,312100
XOB,846814
XOY,462911
OXS,560200
OXT,537700
PDG,238700
PAD,308700
PGN,342700
PAI,868800
PAL,602100
PAN,303600
PNL,847900
PBL,240200
PAZ,081300
PBN,081200
PAR,352400
XDR,352401
PSN,324600
PRN,203200
PWY,321300
PTT,977500
XPJ,121804
PBO,613300
PBU,989800
CBZ,180000
DEB,737100
XPQ,613416
KEZ,180100
KLB,711300
XPN,713762
SWB,736800
OUD,179600
XPW,713613
PEM,240300
PTC,592800
QRP,542400
PMR,542300
XEO,380901
PDT,034700
PEA,168700
PBS,933800
PEG,768500
PAW,884200
PDK,250500
PMD,410200
PMB,410100
PEN,386300
PCD,385100
PNW,537800
PGM,402100
PHG,433500
PNS,663400
PNM,349900
PNC,440900
PNZ,352600
PRW,352800
XCL,354022
PSH,488700
PTH,880500
XPH,879962
PET,512300
XPE,512301
PEW,306200
PMH,554000
PTL,980800
ZPC,067400
XLA,815513
XPK,815512
PIL,321400
PIN,575700
PSE,745200
XPY,505962
PKT,156100
PDW,522400
ZPS,067600
PLE,982100
PLW,962300
PWE,982000
PWW,980400
XPD,978364
PMP,533200
PLU,520800
XPS,520813
XIA,110703
PLK,867000
PLS,275200
PLN,886000
PFY,267100
PLC,522500
PLM,230800
XDJ,358009
PLY,358000
PBY,414000
PNA,412900
PON,681900
PNE,507200
PKG,119500
PMW,249400
PER,399200
PHR,547700
PTD,425100
PNR,210200
PLT,402300
PTB,394400
PTF,425000
PNF,243300
PYP,245900
PNQ,025300
POI,874100
POK,588500
PFT,589100
PLG,545500
PMT,993600
POL,342200
PCF,089200
PPL,374400
PYC,385000
POO,588300
XFT,588301
POP,825400
POR,387000
PPK,995800
PBR,602200
PYT,287400
PST,936600
PRS,134600
PSC,233700
PRH,447300
PRM,145000
PRR,305500
PRL,741900
XPA,690400
HPQ,690200
XPF,341008
XOZ,112703
PTS,908800
PRP,528500
PPR,094600
PRE,275300
XPT,275379
XPU,275310
PMG,250300
PTM,431300
PMA,582900
PRU,750900
PRY,112800
XRA,112801
PYN,352500
PRB,287500
PMS,553700
XGL,578001
PLD,527600
PSL,219800
PCN,965700
PYG,968300
PYJ,966400
PES,446300
PRT,252100
PKS,588200
PTA,418100
PTK,991700
PFR,854000
PFM,854800
POT,854100
PTG,966700
PIT,880100
PAT,291600
PTR,565700
PPD,390400
PUL,546800
PFL,745300
PUR,537900
PUO,543000
PUT,560300
PEV,546100
PEB,546200
PWC,288400
PTW,954300
PRA,954400
PWL,431400
PSW,107800
PNY,425400
PCM,427200
PYE,166300
PYL,418500
QUI,353100
QPW,141900
QRB,559600
QYD,399400
QBR,517600
XQC,517611
XQS,517612
XQY,517602
QPK,982200
QRD,149400
RCF,263100
RDT,154600
RDF,624200
XEQ,327103
RDR,387400
RAI,517700
XRE,502368
RAM,502300
RMZ,501300
RAN,883400
RAU,636100
RWC,803100
RLG,688400
RAY,556900
RVB,508300
RBR,522600
RCD,292400
ROC,353200
RTR,520300
XRJ,520360
RIC,068700
REC,696700
REE,731600
RDC,120800
RAD,311800
RDD,543200
RDZ,312800
RBU,639200
RDG,314900
RDB,591200
RCC,795000
RCE,797400
RBS,793200
RGP,099600
RDW,316000
RDH,547800
RDN,297900
RDS,285700
RDA,324700
RED,353000
RHM,543100
REI,548000
RTN,986700
RNR,729700
RAV,199900
RHF,432200
RHG,383500
RNH,229600
RHI,390600
RIA,387600
RHO,254400
RHU,906600
RHW,432300
RHL,246100
RHY,402700
XTV,402701
RHD,210600
RIL,213100
RMD,557000
RID,153800
RDM,751000
RCA,992000
RIS,258000
RGW,273400
RNF,240400
RNM,745400
ROB,226100
RFD,688500
RFY,218900
ROG,867100
ROR,992100
RSH,287300
ROL,635300
RMB,244400
RMF,688600
RML,283300
ROM,594300
REB,254100
ROO,196200
RSG,272200
RSB,408800
RDL,081700
ROS,919000
RYK,917100
RMC,667600
ROT,014800
RRD,081900
ROW,460600
ZRY,069000
RYB,883500
RYN,682900
RYS,609000
RTY,904900
RKT,632700
RET,651100
XRO,651114
ROE,103900
RUT,978700
RVN,851900
RUA,447700
RUF,231500
RUG,108700
RGL,108400
RGT,113500
RUN,229100
RUE,229400
RUS,817400
RLN,565800
RYD,554200
XRD,554105
RYP,554100
RRB,297700
RYR,554300
RYE,502400
RYH,682000
SNA,835800
SAT,145200
SAR,325200
SAE,856100
SLE,280900
SAF,538000
SAH,731800
SLW,267300
SMC,872400
SDL,224900
SNK,238800
SQH,954900
SAO,399500
SRR,427000
STS,358700
SXY,632800
SDB,126100
SAW,680600
SOB,526300
SBM,542500
SLB,795100
SLL,628700
SBU,694700
SYB,298300
SCA,818500
SCU,645600
SCB,035500
SCY,541000
SCT,867200
SCH,999600
SVR,196800
SDH,148400
SUD,148300
SDG,502500
SWI,333300
XDK,333307
XSJ,333312
SDP,358400
SDF,410800
SNR,543300
SEB,764100
SEF,533300
SEA,781400
SEM,817800
SSC,200300
SSF,035600
SRG,306100
SEL,200400
SBY,820100
XGU,543436
SRS,543400
SKK,933000
SEG,517900
SES,835500
SLY,110500
SML,325400
SEZ,799400
SEE,533900
SEC,800700
SET,210700
SVS,693100
STJ,367900
SRB,099300
XXO,511411
XXP,511412
SRF,281000
SFL,225000
SGN,313800
SGH,759100
SUG,415700
SDE,108200
SWH,035700
SFR,563800
SHH,320600
SHN,552900
SHW,592900
SIE,825700
SRY,745500
SHA,292500
SHD,789300
SHF,669100
SED,704300
SNF,688800
SHP,560500
SHE,583500
SFN,461900
SDM,955200
SRL,452600
XGW,967960
SIH,529000
JSY,597100
SOH,145100
SEN,117800
SHO,593000
SHT,254600
SPB,958700
SNP,783900
SHI,315000
XSP,704411
STH,704400
SHY,834700
SHB,159500
SDC,102400
SHM,731900
SSE,527700
SRO,657000
SEH,507400
SSS,518400
XXS,518412
SRT,508400
XOR,508460
XSY,438800
SHR,438700
SLS,990300
SHS,973900
STN,896400
SFI,696300
SHL,982300
SID,512500
SIC,200000
SIL,190200
SFC,184500
SIR,184900
SIN,998800
SLV,697200
SKG,626500
ZSK,070800
SOK,145300
SKE,421700
SKI,272800
SLK,678200
SGR,515400
XGX,515410
SLA,923600
SLT,954700
SLR,636200
SLH,817900
SFO,745800
SLD,279400
SFD,279800
XSH,543474
SLO,317200
SAL,566300
XFU,566306
XFV,566307
SWT,845000
SAM,803300
XSI,502706
SAB,549400
SMT,682100
SMB,266000
SMO,529200
SOM,814200
SMN,689000
SMA,453000
XOH,453001
SYT,732000
SMR,115000
SMW,453400
SNI,803600
XSA,711533
SND,564600
SAN,552500
SUP,515500
SUN,764000
STZ,763200
SAD,114900
SDY,617200
SOG,524000
XXN,511414
SDA,518900
SOS,903400
XJS,543060
SJN,884400
SWO,518500
SAV,455800
STY,679400
XSZ,115160
XOS,115104
SOR,512600
SOL,452700
XSN,597961
XSK,597962
STQ,197900
XFW,591560
SOU,593200
XFX,593202
SOA,592200
SOP,226200
SOZ,205100
SPA,638800
XSU,514807
SPO,169900
SBR,883600
SPF,917500
XSR,512025
SPP,707300
SPU,522800
SPI,219900
XSD,217400
SPY,844800
SPN,737900
SRI,453500
SPR,999700
SIP,300900
SQU,266600
SRU,305700
SHV,036200
XON,451303
STA,126800
SNS,567000
XFY,567012
XFZ,567015
SAC,154800
SAA,156200
SMD,614000
SSD,683400
XTH,980300
SST,683300
SBE,822100
SAS,267200
XFJ,353403
SAU,353400
SVL,197700
SBF,359000
SBV,359200
SBS,200200
SKS,751300
SCR,353600
STC,867300
SCG,524800
SDN,591400
STI,868400
SCF,104300
SON,846900
SPS,984200
SER,353700
XCU,323165
SVG,609200
STT,955400
SRA,696900
XSV,696922
SFA,722200
XXQ,154102
SDI,154100
XXR,154101
SGM,358600
STL,318700
SBK,795300
SOC,745600
SIA,478700
SFS,551200
SGL,931800
SHZ,868900
SNH,234100
SHJ,234000
SOE,745700
XRH,532969
SHC,854300
SOV,742000
SWK,528600
STG,988800
SIV,353800
SJP,575100
SJS,697300
SAJ,505900
SKN,357200
SKV,763900
SKM,146700
SKW,693400
SPT,277100
SSM,845100
SNL,560600
XSM,521201
SLQ,523900
XSE,521212
SMQ,026900
STM,224800
SMH,696800
SMG,560400
SMY,507300
XMU,507360
SBP,145400
SNO,611000
SIT,518700
SHU,477000
SNT,215900
ZSM,071400
XEI,611003
STK,797500
SOT,131400
HNY,985700
SNE,131600
SCN,654600
SGQ,985900
STO,740400
SOI,939600
SPX,154000
GUS,597200
XPM,322962
SRD,325000
STP,155500
SPL,993300
XYR,155501
SBJ,464600
SBT,464300
XSF,464668
SCS,341300
STE,538300
SRC,538400
XSS,543511
SRH,543500
SRN,283400
STF,867400
STR,955500
SWP,955000
SOO,519100
STD,477100
XSX,560712
STW,560700
SPK,186100
STU,502900
STV,955300
SMK,735500
SWR,138600
XSL,537170
SOY,905600
SYA,286800
SUY,709800
SUM,995900
SUU,560800
SDR,305600
SNG,567100
SNY,567500
SUR,557100
SCE,775600
SQE,108300
SUT,104400
SUO,538500
SUC,543600
XVT,502200
SVK,689300
SEV,512400
SVB,320500
SWL,524900
XMA,422213
SWA,422200
SWF,422100
SWY,588400
SDW,502600
SPH,518600
ZSI,071100
SWN,668600
SAY,507500
CFC,776500
SGE,595800
SWD,635500
XSQ,507512
SWM,515600
SNN,280000
SNW,592000
SOW,852700
SWE,622800
SWG,593300
SAX,722400
SYD,543700
SYH,508500
SYL,560900
SYS,190000
TBY,797600
XTE,797660
TAC,319500
TTA,912800
TAD,538600
TAF,388000
TAI,867600
TLB,435500
TLC,246300
TAB,101000
TAP,315100
TBT,905700
TAT,538700
XDQ,347111
TAU,347100
TAY,872700
TPC,626700
THD,561000
XIT,211500
TED,557200
TGM,343000
TFC,469100
TEN,411000
XTT,634011
TEY,519300
TNA,621000
THT,982500
THA,315200
TBD,549100
XTB,549109
TEO,694900
THE,315300
TLK,453800
TTF,720300
THO,584900
THH,226400
THI,819100
THB,981200
TOK,502800
TPB,746000
TNN,653000
TNS,653100
TLS,685700
THU,620300
XTJ,917770
TTH,538800
THS,867700
TRS,735600
THL,103500
TLH,315400
TIM,298500
XCY,341077
TIP,115900
TEE,907300
TIR,402500
TIS,579800
XDA,347410
TVP,347400
TBR,746100
TIL,746200
TAL,447900
TMC,583700
XTA,694315
XTM,694300
XTX,694304
TAH,132300
TAM,132200
TNP,388200
TOB,906500
TOD,267700
TOL,557300
TON,522900
XTW,524400
XTN,522911
TDU,427100
TNF,443200
TPN,389700
TOO,538900
TOP,575800
TQY,343400
TRR,343200
XDP,355803
TOT,355800
TTN,592100
ZTH,073100
TWN,228300
TRL,049100
TRD,427600
TRF,388700
TRH,388800
TRB,388900
XTR,170000
XTG,170002
TRY,389100
TRA,296900
TRE,388600
TRM,722500
TRI,139300
ZTU,073400
THC,828200
TRN,956200
TRU,354000
TRO,334800
TEA,752100
TOM,695100
XLT,216910
TUL,883700
TUH,539000
TBW,523000
TUR,695200
TUT,178300
XCV,359810
TWI,557400
TWB,950000
ZTG,086400
TWY,315500
TYC,243900
TGS,381700
TYG,435700
TYR,037800
TYL,872800
UTY,883800
TYP,914700
TYN,773800
TYS,451800
XTS,451815
TYW,443300
UCK,533400
UDD,977600
UPH,561300
UIG,907100
ULC,621100
ULL,826100
ULP,904500
ULV,201000
UMB,582600
UNV,868600
UNI,450400
UHA,937300
UPL,236400
ZUM,073600
XUP,746410
UPM,746400
UHL,152400
UPT,214100
UPW,596700
URM,293800
UTT,134200
UWL,539100
VAL,244000
VXH,559700
XVC,542612
XVR,542662
VIC,542600
VTN,036800
XVJ,542361
VIR,567600
XQW,112103
WDO,539200
WAD,523100
WBG,673100
WFL,626800
WLG,215400
WLV,226500
WSA,226600
WLC,682300
WKD,261200
WAF,936500
WAM,504100
WLT,539400
WSL,121600
WAO,225100
WAN,563900
WSW,539500
XDC,302510
WPE,108500
WAR,682400
WGV,315800
WRM,595900
XGA,595901
WNH,531600
WRW,460000
WRP,853000
XWU,460003
WBC,707900
WCT,347600
WFD,049200
WFH,145500
WFJ,140200
WFN,140300
ZWT,074800
WTG,705700
WAS,609500
XWA,559812
WIT,546500
ZWA,074700
WAT,559800
WTS,158500
WNG,379600
WBP,887500
WBY,568400
WCL,925000
ZWL,076300
WTC,134800
WCM,722700
WCF,747600
WCB,515100
WCY,541100
WBE,036900
WDN,266500
WGR,746700
SOF,689200
WDH,673200
WDS,857800
WDR,298800
WDY,968400
WME,544100
WDE,453600
WPK,551300
WMR,452800
XWD,557814
XWP,551311
WDD,769500
WDT,317400
WST,695400
WDU,508600
WNT,557600
WEA,318800
XYJ,228701
WER,986500
WEO,797300
WED,135700
XWZ,108709
WEE,685900
WET,850900
WMG,607300
WLI,512800
WLN,469000
WLP,443400
XWY,150902
WCX,150900
WEM,134700
WMS,967300
WND,146600
XXU,154403
WHA,503000
XXX,503001
WNN,268100
WEN,023900
WGA,519500
WES,999800
WRL,757200
WXF,049300
WYB,557700
XGB,596514
XWJ,596513
WEY,596500
WYQ,596600
SWS,194900
WTA,923100
WHE,273600
WBR,277200
WEH,747400
ZWZ,075700
WHT,389600
WTF,288500
WDL,963900
WHL,695600
WFF,975300
WHM,575900
WNL,966500
WHN,216100
WTH,204800
WTL,411100
WTE,453900
WHD,142100
WHP,152500
WHR,746600
WHI,519600
WBD,813000
WCH,552700
XWH,732400
WLE,718700
WTN,561100
WWL,655100
WHY,539600
WHS,543900
XWE,165810
WCK,868000
WID,239100
XWM,226764
WGN,236300
WGW,240600
XWG,240667
WGT,209800
WIC,689100
XIL,545061
WMC,456800
WNE,105600
WIM,557800
WBO,561200
WSE,504200
WNI,094700
WNC,317500
WNS,569700
WTI,569800
WIS,718800
WSH,969400
WHH,394300
WTM,684400
WTY,564000
WTP,783700
WTT,101100
WMP,158900
WIV,686000
WKK,858400
WKF,859100
WKB,956400
WKI,220100
WKL,049400
WKG,204000
WOX,206000
WMI,396500
WOH,544000
XWX,303101
XDH,323157
XGN,608811
WML,277400
WEL,194000
WIL,190500
WAE,515800
WLO,213300
WJH,145900
XWB,145704
WJL,145800
XXW,142528
XRN,142452
XWS,145711
XWI,145731
WMW,740700
WHC,695300
WOL,136400
XGH,136300
XYW,618312
WGC,618300
WLW,609600
WMA,512900
WMB,142300
XWF,142401
WDM,197800
WNM,338800
WSR,277300
WLM,978100
WNF,552800
XGC,592401
WIN,592400
WWR,537200
WIH,602400
WNW,543800
WNY,684600
WSF,226900
WNP,740800
WOB,153900
WDB,722800
XWO,568514
XWQ,568513
XGE,567967
WOK,568500
XGF,567966
XGG,569602
WKM,569600
WLS,592500
WWD,515300
WWA,515200
WOM,668800
WON,685800
WAL,557500
WLY,283500
WOO,596000
XWR,489195
WOF,489300
WOS,489100
WRK,657400
WOR,339000
WRT,732600
WRH,527900
WWW,454000
WRB,690700
WBL,526400
WCP,557900
WRE,135000
WRS,812300
WXC,448600
WRX,448700
WAC,239000
WBQ,238400
ZWV,074600
WMN,550500
HXM,732700
WPL,568600
WRU,305900
WRN,732900
WRY,567300
XXE,110315
WLD,524200
WSM,339100
WNR,567200
WSB,571200
XDS,571206
WHG,261900
WFI,722600
WSG,990700
WSU,529300
WTB,818400
WCR,977700
WLF,704700
XDI,333701
WTR,524100
WTO,112100
WVP,818200
WVF,534100
WVH,121800
XWT,217700
WAV,858900
WWI,505400
XWW,527811
WWO,527800
WYE,503100
WYL,113800
WYM,751400
WMD,738300
WYT,453200
YRM,791700
YAL,523200
XYA,732867
GYM,732800
YAE,338000
YAT,339200
YEO,582700
YMH,595200
YNW,381800
YOK,999000
XYD,999060
YRK,826300
CAQ,893000
EDZ,893300
FLZ,893400
PIZ,893500
XYK,826322
WTZ,893600
XYS,826813
YRT,135100
XGK,583804
YVB,037400
YVJ,583800
YVP,585600
YRD,453700
YSM,402600
XKW,402601
YET,585700
YSR,387100
XYT,387101
XXV,154003
XXY,154007
